[
  {
    "name": "bluebird",
    "license": [
      "MIT"
    ],
    "version": "3.7.2",
    "url": "https://www.npmjs.com/package/bluebird"
  },
  {
    "name": "cesium",
    "license": [
      "Apache-2.0"
    ],
    "version": "1.102.0",
    "url": "https://www.npmjs.com/package/cesium"
  },
  {
    "name": "fs-extra",
    "license": [
      "MIT"
    ],
    "version": "11.1.0",
    "url": "https://www.npmjs.com/package/fs-extra"
  },
  {
    "name": "jpeg-js",
    "license": [
      "BSD-3-Clause"
    ],
    "version": "0.4.4",
    "url": "https://www.npmjs.com/package/jpeg-js"
  },
  {
    "name": "mime",
    "license": [
      "MIT"
    ],
    "version": "3.0.0",
    "url": "https://www.npmjs.com/package/mime"
  },
  {
    "name": "pngjs",
    "license": [
      "MIT"
    ],
    "version": "6.0.0",
    "url": "https://www.npmjs.com/package/pngjs"
  },
  {
    "name": "yargs",
    "license": [
      "MIT"
    ],
    "version": "17.6.2",
    "url": "https://www.npmjs.com/package/yargs"
  }
]